Country,Mintage_year,Mint_count,Description,Image,YearID,Price,Country_map_name
Greece,2004,50000000,Summer Olympics in Athens 2004,https://www.coin-database.com/images/Greece/1-v.jpg,0,5.9,Elláda
Finland,2004,1000000,Fifth Enlargement of the European Union in 2004,https://www.coin-database.com/images/Finland/230-v.jpg,0,55.9,Suomi/Finland
Luxembourg,2004,2490000,Effigy and Monogram of Grand Duke Henri,https://www.coin-database.com/images/Luxembourg/231-v.jpg,0,4.9,Luxembourg
San Marino,2004,110000,Bartolomeo Borghesi,https://www.coin-database.com/images/San-Marino/233-v.jpg,0,139.0,San Marino
Vatican City,2004,100000,75th Anniversary of the Foundation of the Vatican City State,https://www.coin-database.com/images/Vatican-City/234-v.jpg,0,139.0,Vatican City
Italy,2004,16000000,Fifth Decade of the World Food Programme,https://www.coin-database.com/images/Italy/232-v.jpg,0,6.5,Italia
Luxembourg,2005,2800000,50th birthday of Grand Duke Henri 5th anniversary of his accession to the throne and 100th anniversary of the death of Grand Duke Adolphe,https://www.coin-database.com/images/Luxembourg/235-v.jpg,0,4.9,Luxembourg
Belgium,2005,6000000,Belgium-Luxembourg Economic Union,https://www.coin-database.com/images/Belgium/236-v.jpg,0,16.0,Belgique/België
Spain,2005,8000000,4th centenary of the first edition of Miguel de Cervantes’ The ingenious gentleman Don Quixote of La Mancha,https://www.coin-database.com/images/Spain/237-v.jpg,0,6.9,España
Austria,2005,7000000,50th Anniversary of the Austrian State Treaty,https://www.coin-database.com/images/Austria/238-v.jpg,0,6.0,Österreich
San Marino,2005,130000,World Year of Physics 2005,https://www.coin-database.com/images/San-Marino/239-v.jpg,0,139.0,San Marino
Finland,2005,2000000,60th Anniversary of the Establishment of the United Nations and 50th Anniversary of Finland's UN Membership,https://www.coin-database.com/images/Finland/240-v.jpg,0,6.9,Suomi/Finland
Italy,2005,18000000,1st Anniversary of the Signing of the European Constitution,https://www.coin-database.com/images/Italy/241-v.jpg,0,4.5,Italia
Vatican City,2005,100000,20th World Youth Day held in Cologne in August 2005,https://www.coin-database.com/images/Vatican-City/242-v.jpg,0,260.0,Vatican City
Italy,2006,40000000,Winter Olympics in Turin 2006,https://www.coin-database.com/images/Italy/243-v.jpg,0,4.5,Italia
Luxembourg,2006,1100000,25th Birthday of Hereditary Grand Duke Guillaume,https://www.coin-database.com/images/Luxembourg/244-v.jpg,0,7.9,Luxembourg
Germany,2006,30000000,Holstentor in Lübeck (Schleswig-Holstein),https://www.coin-database.com/images/Germany/245-v.jpg,0,4.9,Deutschland
Belgium,2006,5000000,Renovation of the Atomium in Brussels,https://www.coin-database.com/images/Belgium/246-v.jpg,0,11.9,Belgique/België
Finland,2006,2500000,1st Centenary of the Introduction of Universal and Equal Suffrage,https://www.coin-database.com/images/Finland/247-v.jpg,0,8.0,Suomi/Finland
San Marino,2006,120000,500th Anniversary of the Death of Christopher Columbus,https://www.coin-database.com/images/San-Marino/248-v.jpg,0,109.0,San Marino
Vatican City,2006,100000,500th Anniversary of the Swiss Guard,https://www.coin-database.com/images/Vatican-City/249-v.jpg,0,229.0,Vatican City
Germany,2007,30000000,Schwerin Castle (Mecklenburg-Vorpommern),https://www.coin-database.com/images/Germany/250-v.jpg,0,9.9,Deutschland
Luxembourg,2007,1100000,Grand Ducal Palace,https://www.coin-database.com/images/Luxembourg/251-v.jpg,0,5.9,Luxembourg
Portugal,2007,2000000,Portuguese Presidency of the Council of the European Union,https://www.coin-database.com/images/Portugal/253-v.jpg,0,3.6,Portugal
Monaco,2007,20001,25th Anniversary of the Death of Grace Kelly,https://www.coin-database.com/images/Monaco/254-v.jpg,0,3890.0,Monaco
Vatican City,2007,100000,80th birthday of His Holiness Pope Benedict XVI,https://www.coin-database.com/images/Vatican-City/252-v.jpg,0,169.0,Vatican City
San Marino,2007,130000,200th Birthday of Giuseppe Garibaldi,https://www.coin-database.com/images/San-Marino/255-v.jpg,0,59.0,San Marino
Finland,2007,2000000,90th Anniversary of Finland's Independence,https://www.coin-database.com/images/Finland/256-v.jpg,0,10.0,Suomi/Finland
Germany,2008,30000000,St. Michaelis' Church (Hamburg),https://www.coin-database.com/images/Germany/258-v.jpg,0,3.4,Deutschland
Luxembourg,2008,1300000,Grand-Duke Henri and the ‘Château de Berg’,https://www.coin-database.com/images/Luxembourg/259-v.jpg,0,5.9,Luxembourg
Italy,2008,5000000,60th Anniversary of the Universal Declaration of Human Rights,https://www.coin-database.com/images/Italy/260-v.jpg,0,8.5,Italia
Slovenia,2008,1000000,500th anniversary of Primož Trubar's birth,https://www.coin-database.com/images/Slovenia/261-v.jpg,0,4.5,Slovenija
San Marino,2008,130000,European Year of Intercultural Dialogue,https://www.coin-database.com/images/San-Marino/262-v.jpg,0,79.0,San Marino
Belgium,2008,5000000,60th anniversary of the Universal Declaration of Human Rights,https://www.coin-database.com/images/Belgium/263-v.jpg,0,5.9,Belgique/België
France,2008,20000000,French Presidency of the Council of the European Union,https://www.coin-database.com/images/France/264-v.jpg,0,4.9,France
Vatican City,2008,100000,Paul the Apostle,https://www.coin-database.com/images/Vatican-City/265-v.jpg,0,85.0,Vatican City
Portugal,2008,1034999,60th Anniversary of the Universal Declaration of Human Rights,https://www.coin-database.com/images/Portugal/266-v.jpg,0,3.5,Portugal
Finland,2008,1500000,60th Anniversary of the Universal Declaration of Human Rights,https://www.coin-database.com/images/Finland/267-v.jpg,0,19.9,Suomi/Finland
Luxembourg,2009,1400000,90th Anniversary of Grand Duchess Charlotte's Accession to the Throne,https://www.coin-database.com/images/Luxembourg/270-v.jpg,0,4.9,Luxembourg
Germany,2009,30000000,Ludwigskirche in Saarbrücken (Saarland),https://www.coin-database.com/images/Germany/269-v.jpg,0,4.5,Deutschland
Portugal,2009,1285000,Lusophony Games,https://www.coin-database.com/images/Portugal/271-v.jpg,0,5.9,Portugal
San Marino,2009,130000,European Year of Creativity and Innovation,https://www.coin-database.com/images/San-Marino/272-v.jpg,0,40.0,San Marino
Belgium,2009,5000000,200th Anniversary of birth of Louis Braille,https://www.coin-database.com/images/Belgium/273-v.jpg,0,6.2,Belgique/België
Vatican City,2009,106084,International Year of Astronomy,https://www.coin-database.com/images/Vatican-City/275-v.jpg,0,79.0,Vatican City
Italy,2009,2000000,200th Anniversary of birth of Louis Braille,https://www.coin-database.com/images/Italy/274-v.jpg,0,4.9,Italia
Finland,2009,1600000,200 years of Finnish autonomy,https://www.coin-database.com/images/Finland/277-v.jpg,0,15.9,Suomi/Finland
Slovakia,2009,1000000,20th Anniversary of the Start of the Velvet Revolution,https://www.coin-database.com/images/Slovakia/276-v.jpg,0,3.5,Slovensko
France,2010,20000000,70th Anniversary of the Appeal of June 18 by General de Gaulle,https://www.coin-database.com/images/France/280-v.jpg,0,3.5,France
Vatican City,2010,115000,Year for priests,https://www.coin-database.com/images/Vatican-City/286-v.jpg,0,54.9,Vatican City
Greece,2010,2500000,2.500th anniversary of the Battle of Marathon,https://www.coin-database.com/images/Greece/288-v.jpg,0,5.9,Elláda
Finland,2010,1600000,150th anniversary of Finnish currency,https://www.coin-database.com/images/Finland/289-v.jpg,0,5.9,Suomi/Finland
Germany,2010,30000000,Federal state of Bremen,https://www.coin-database.com/images/Germany/278-v.jpg,0,3.5,Deutschland
Spain,2010,8000000,UNESCO: The historic town center of Cordoba,https://www.coin-database.com/images/Spain/281-v.jpg,0,3.9,España
Luxembourg,2010,1000000,Coat of arms of the Grand Duke,https://www.coin-database.com/images/Luxembourg/284-v.jpg,0,11.0,Luxembourg
Italy,2010,4000000,200th anniversary of birth of Camillo Benso,https://www.coin-database.com/images/Italy/285-v.jpg,0,3.5,Italia
Slovenia,2010,1000000,200th anniversary of the Botanical Garden in Ljubljana,https://www.coin-database.com/images/Slovenia/279-v.jpg,0,4.5,Slovenija
Belgium,2010,5000000,Belgian Presidency of the Council of the European Union in 2010,https://www.coin-database.com/images/Belgium/283-v.jpg,0,3.9,Belgique/België
Portugal,2010,2035000,100th anniversary of Republic Portugal,https://www.coin-database.com/images/Portugal/282-v.jpg,0,4.9,Portugal
San Marino,2010,130000,500th Anniversary of the death of Sandro Botticelli,https://www.coin-database.com/images/San-Marino/287-v.jpg,0,55.0,San Marino
Slovakia,2011,1000000,20th anniversary of the formation of the Visegrad Group,https://www.coin-database.com/images/Slovakia/291-v.jpg,0,4.5,Slovensko
Netherlands,2011,4000000,The 500th anniversary of the publication of the world-famous book Laus Stultitiae by Desiderus Erasmus,https://www.coin-database.com/images/Netherlands/301-v.jpg,0,12.9,Nederland
Germany,2011,30000000,Federal state of North Rhine-Westphalia,https://www.coin-database.com/images/Germany/290-v.jpg,0,3.4,Deutschland
Luxembourg,2011,1400000,50th anniversary of the appointment by the Grand-Duchess Charlotte of her son Jean as lieutenant-représentant,https://www.coin-database.com/images/Luxembourg/297-v.jpg,0,4.3,Luxembourg
Spain,2011,8000000,UNESCO: Alhambra in Granada,https://www.coin-database.com/images/Spain/293-v.jpg,0,5.9,España
Slovenia,2011,1000000,100th anniversary of the birth of Franc Rozman,https://www.coin-database.com/images/Slovenia/292-v.jpg,0,3.9,Slovenija
Italy,2011,10000000,150th anniversary of unification of Italy,https://www.coin-database.com/images/Italy/304-v.jpg,0,3.5,Italia
Belgium,2011,5000000,100th anniversary of International Women’s Day,https://www.coin-database.com/images/Belgium/299-v.jpg,0,3.9,Belgique/België
Greece,2011,1000000,The Special Olympics World Summer Games — Athens 2011,https://www.coin-database.com/images/Greece/303-v.jpg,0,4.5,Elláda
San Marino,2011,130000,500th Anniversary of the birth of Giorgio Vasari,https://www.coin-database.com/images/San-Marino/296-v.jpg,0,35.0,San Marino
France,2011,10000000,30th anniversary of the Day of Music,https://www.coin-database.com/images/France/295-v.jpg,0,4.9,France
Monaco,2011,147877,The wedding of Prince Albert and Charlene Wittstock,https://www.coin-database.com/images/Monaco/302-v.jpg,0,85.0,Monaco
Portugal,2011,520000,500th annivesary of the birth of Fernão Mendes Pinto,https://www.coin-database.com/images/Portugal/294-v.jpg,0,8.9,Portugal
Malta,2011,430000,Constitutional history – first election of representatives in 1849,https://www.coin-database.com/images/Malta/298-v.jpg,0,17.0,Malta
Finland,2011,1500000,200th anniversary of Bank of Finland,https://www.coin-database.com/images/Finland/305-v.jpg,0,5.5,Suomi/Finland
Vatican City,2011,115000,XXVI World Youth Day Madrid 2011,https://www.coin-database.com/images/Vatican-City/300-v.jpg,0,43.9,Vatican City
France,2012,1020000,100th Anniversary of Abbé Pierre’s birth,https://www.coin-database.com/images/France/1806-v.jpg,0,3.99,France
Vatican City,2012,115000,7th  World Meeting of Families,https://www.coin-database.com/images/Vatican-City/2115-v.jpg,0,42.9,Vatican City
Luxembourg,2012,512000,Royal Wedding,https://www.coin-database.com/images/Luxembourg/3184-v.jpg,0,4.6,Luxembourg
Germany,2012,30112000,Bavaria,https://www.coin-database.com/images/Germany/306-v.jpg,0,3.3,Deutschland
Luxembourg,2012,710000,100th Anniversary of the death of the William IV,https://www.coin-database.com/images/Luxembourg/310-v.jpg,1,3.99,Luxembourg
Spain,2012,8000000,The Burgos Cathedral,https://www.coin-database.com/images/Spain/1589-v.jpg,0,4.2,España
Italy,2012,15000000,100th Anniversary of the Death of Giovanni Pascoli,https://www.coin-database.com/images/Italy/2383-v.jpg,0,4.9,Italia
Belgium,2012,5000000,75 years Queen Elisabeth Competition,https://www.coin-database.com/images/Belgium/884-v.jpg,0,4.5,Belgique/België
Portugal,2012,520000,Guimarães - Capital Europeia da Cultura em 2012,https://www.coin-database.com/images/Portugal/309-v.jpg,0,5.0,Portugal
Monaco,2012,100000,The 500th anniversary of the foundation of Monaco's Sovereignty,https://www.coin-database.com/images/Monaco/2981-v.jpg,0,69.0,Monaco
Malta,2012,405000,1887 Majority Representation,https://www.coin-database.com/images/Malta/307-v.jpg,0,10.8,Malta
Finland,2012,2000000,150th Anniversary of the Birth of Helene Schjerfbeck,https://www.coin-database.com/images/Finland/2982-v.jpg,0,5.5,Suomi/Finland
Slovakia,2013,1010300,1150th anniversary of the advent of the mission of Cyril and Methodius to Great Moravia,https://www.coin-database.com/images/Slovakia/312-v.jpg,0,3.5,Slovensko
Malta,2013,542500,1921 Self Government,https://www.coin-database.com/images/Malta/313-v.jpg,0,5.9,Malta
France,2013,1020000,150th Anniversary of Pierre de Coubertin`s Birth,https://www.coin-database.com/images/France/3217-v.jpg,0,4.9,France
Italy,2013,10000000,700th Anniversary of the Birth of Giovanni Boccaccio,https://www.coin-database.com/images/Italy/3218-v.jpg,1,3.9,Italia
Italy,2013,10000000,200th Anniversary of the Birth of Giuseppe Verdi,https://www.coin-database.com/images/Italy/3219-v.jpg,0,3.9,Italia
Vatican City,2013,89000,World Youth Day 2013 - Rio,https://www.coin-database.com/images/Vatican-City/3228-v.jpg,0,45.0,Vatican City
Greece,2013,750000,100th Anniversary of the union of Crete with Greece,https://www.coin-database.com/images/Greece/3372-v.jpg,0,6.5,Elláda
Greece,2013,750000,The 2400th Anniversary of the founding of Plato’s Academy,https://www.coin-database.com/images/Greece/3375-v.jpg,1,6.9,Elláda
Germany,2013,11000000,50 Years of the Élysée Treaty,https://www.coin-database.com/images/Germany/2879-v.jpg,0,3.9,Deutschland
France,2013,11000000,50 Years of the Élysée Treaty,https://www.coin-database.com/images/France/3061-v.jpg,1,4.5,France
Spain,2013,8000000,The Royal Seat of San Lorenzo de El Escorial,https://www.coin-database.com/images/Spain/3045-v.jpg,0,3.9,España
Slovenia,2013,1000000,800th Anniversary of the First Visit of the Postojna Cave,https://www.coin-database.com/images/Slovenia/2324-v.jpg,0,6.9,Slovenija
Netherlands,2013,20035000,The Double Portrait,https://www.coin-database.com/images/Netherlands/3256-v.jpg,0,3.5,Nederland
Germany,2013,3000000,Baden-Württemberg: Kloster Maulbronn,https://www.coin-database.com/img/2euro/2013de-v.jpg,1,3.5,Deutschland
Portugal,2013,525000,250 Years of the Torre dos Clérigos,https://www.coin-database.com/images/Portugal/3002-v.jpg,0,5.2,Portugal
Vatican City,2013,125000,Sede Vacante MMXIII,https://www.coin-database.com/images/Vatican-City/3333-v.jpg,1,59.0,Vatican City
Monaco,2013,1249000,20 years membership of the United Nations,https://www.coin-database.com/images/Monaco/3348-v.jpg,0,10.5,Monaco
Belgium,2013,2010000,100 years of the Royal Meteorological Institute,https://www.coin-database.com/images/Belgium/3046-v.jpg,0,4.6,Belgique/België
Luxembourg,2013,1400000,The National Anthem,https://www.coin-database.com/images/Luxembourg/3129-v.jpg,0,4.1,Luxembourg
San Marino,2013,115000,The 500th Anniversary of the Death of Malers Pinturicchio,https://www.coin-database.com/images/San-Marino/3132-v.jpg,0,34.9,San Marino
Finland,2013,1000000,150th Anniversary of Parliament of 1863,https://www.coin-database.com/images/Finland/3373-v.jpg,1,5.5,Suomi/Finland
Finland,2013,1500000,125th Anniversary of the birth of Nobel prize winning author F.E.Sillanpaa,https://www.coin-database.com/images/Finland/3374-v.jpg,0,3.99,Suomi/Finland
Netherlands,2013,1286500,200 Years of Kingdom,https://www.coin-database.com/images/Netherlands/3200-v.jpg,1,3.5,Nederland
Malta,2014,407500,50 Years of Independence,https://www.coin-database.com/images/Malta/316-v.jpg,0,4.9,Malta
Italy,2014,6500000,450th Anniversary of the birth of Galileo Galilei,https://www.coin-database.com/images/Italy/3466-v.jpg,0,4.9,Italia
Italy,2014,6525000,200th Anniversary of the Carabinieri,https://www.coin-database.com/images/Italy/3467-v.jpg,1,4.5,Italia
Luxembourg,2014,510000,175 Years of Independence of Luxembourg,https://www.coin-database.com/images/Luxembourg/3475-v.jpg,1,4.2,Luxembourg
Spain,2014,8015000,Works of Antoni Gaudí,https://www.coin-database.com/images/Spain/3480-v.jpg,1,4.5,España
Vatican City,2014,103000,25 Years since the Fall of the Berlin Wall,https://www.coin-database.com/images/Vatican-City/3485-v.jpg,0,49.0,Vatican City
Malta,2014,300000,200 Years Malta Police Force,https://www.coin-database.com/images/Malta/3544.jpg,1,15.95,Malta
Latvia,2014,1000000,Riga,https://www.coin-database.com/images/Latvia/3602-v.jpg,0,3.9,Latvija
Andorra,2014,100000,20 years in the Council of Europe,https://www.coin-database.com/images/Andorra/4879-v.jpg,0,33.9,Andorra
Germany,2014,30824000,Niedersachsen: St. Michael zu Hildesheim,https://www.coin-database.com/img/2euro/2014de-v.jpg,0,3.9,Deutschland
Slovakia,2014,1000000,10 Years of Slovakian Membership in European Union,https://www.coin-database.com/images/Slovakia/315-v.jpg,1,3.9,Slovensko
Portugal,2014,520000,40th Anniversary of the Carnation Revolution,https://www.coin-database.com/images/Portugal/3440-v.jpg,0,4.5,Portugal
France,2014,3020000,70th Anniversary of the D-Day,https://www.coin-database.com/images/France/3360-v.jpg,1,3.5,France
Netherlands,2014,5035000,The Double Portrait 2014,https://www.coin-database.com/images/Netherlands/3608-v.jpg,0,3.5,Nederland
Belgium,2014,1750000,100 Years After the Beginning of the First World War,https://www.coin-database.com/images/Belgium/3465-v.jpg,0,3.9,Belgique/België
Greece,2014,752500,400 years since the Death of Domenikos Theotokopoulos,https://www.coin-database.com/images/Greece/3592-v.jpg,1,4.9,Elláda
Greece,2014,752500,150th Anniversary of the Union of the Ionian Islands with Greece,https://www.coin-database.com/images/Greece/3593-v.jpg,0,6.5,Elláda
Finland,2014,1500000,100th Anniversary of the Birth of Tove Jansson,https://www.coin-database.com/images/Finland/3584-v.jpg,1,3.5,Suomi/Finland
San Marino,2014,110000,500th Anniversary of the death of Bramante Lazzari delle Penne di San Marino,https://www.coin-database.com/images/San-Marino/3541-v.jpg,1,39.0,San Marino
Belgium,2014,287500,150 Years of Red Cross in Belgium,https://www.coin-database.com/images/Belgium/3685-v.jpg,1,21.0,Belgique/België
San Marino,2014,100000,90th Anniversary of the Death of Giacomo Puccini,https://www.coin-database.com/images/San-Marino/3484-v.jpg,0,34.9,San Marino
Slovenia,2014,1006500,600th Anniversary of the Coronation of Barbara of Cilli,https://www.coin-database.com/images/Slovenia/3293-v.jpg,0,3.99,Slovenija
Luxembourg,2014,510000,50th Anniversary of the Accession to the Throne of Grand Duke Jean,https://www.coin-database.com/images/Luxembourg/3687-v.jpg,0,4.2,Luxembourg
Portugal,2014,520000,International Year of Family Farming,https://www.coin-database.com/images/Portugal/3469-v.jpg,1,4.2,Portugal
Finland,2014,1000000,Ilmari Tapiovaara and the Art of Interior Design,https://www.coin-database.com/images/Finland/3645-v.jpg,0,5.5,Suomi/Finland
France,2014,3000000,World AIDS Day 2014,https://www.coin-database.com/images/France/3468-v.jpg,0,3.5,France
Spain,2014,12035000,Juan Carlos / Felipe VI,https://www.coin-database.com/images/Spain/3720-v.jpg,0,3.9,España
Malta,2015,405000,Republic 1974,https://www.coin-database.com/images/Malta/3047-v.jpg,1,5.85,Malta
Slovenia,2015,985000,2000th Anniversary of the Founding of Emona,https://www.coin-database.com/images/Slovenia/3486-v.jpg,0,3.5,Slovenija
Germany,2015,30517100,25 Jahre Deutsche Einheit,https://www.coin-database.com/images/Germany/3648-v.jpg,1,3.2,Deutschland
Vatican City,2015,122000,World Meeting Of Families 2015,https://www.coin-database.com/images/Vatican-City/3902-v.jpg,0,39.0,Vatican City
Spain,2015,8000000,Cave of Altamira,https://www.coin-database.com/images/Spain/3904-v.jpg,0,4.5,España
France,2015,4020000,70 Years of United Nations,https://www.coin-database.com/images/France/3905-v.jpg,0,3.5,France
San Marino,2015,102400,750th Anniversary of the Birth of Dante Alighieri,https://www.coin-database.com/images/San-Marino/3907-v.jpg,1,29.0,San Marino
Portugal,2015,520000,500 Years of Portugiesisch-Timor,https://www.coin-database.com/images/Portugal/3909-v.jpg,1,4.2,Portugal
Latvia,2015,1000000,Presidency of the Council of the European Union,https://www.coin-database.com/images/Latvia/3910-v.jpg,0,3.9,Latvija
Latvia,2015,1010000,Stork,https://www.coin-database.com/images/Latvia/3926-v.jpg,1,3.5,Latvija
Italy,2015,3500000,EXPO Milan 2015,https://www.coin-database.com/images/Italy/3940-v.jpg,1,3.5,Italia
Italy,2015,3500000,750th Anniversary of the Birth of Dante Alighieri,https://www.coin-database.com/images/Italy/3941-v.jpg,0,4.5,Italia
Malta,2015,325000,100th Anniversary of the First Flight of Malta,https://www.coin-database.com/images/Malta/3961-v.jpg,0,7.9,Malta
Portugal,2015,520000,150 Years of Red Cross in Portugal,https://www.coin-database.com/images/Portugal/3963-v.jpg,0,4.2,Portugal
Luxembourg,2015,1400000,15th anniversary of the accession to the throne of H.R.H. the Grand Duke,https://www.coin-database.com/images/Luxembourg/4019-v.jpg,0,3.5,Luxembourg
Finland,2015,500000,150th Anniversary of the Birth of Akseli Gallen-Kallela,https://www.coin-database.com/images/Finland/4106-v.jpg,0,4.9,Suomi/Finland
France,2015,4000000,225th Anniversary of the Fête de la Fédération,https://www.coin-database.com/images/France/4128-v.jpg,1,4.5,France
Lithuania,2015,1010000,Lithuanian language,https://www.coin-database.com/images/Lithuania/4174-v.jpg,0,4.5,Lietuva
Luxembourg,2015,1400000,125th anniversary of the House of Nassau-Weilburg,https://www.coin-database.com/images/Luxembourg/4175-v.jpg,1,4.9,Luxembourg
Monaco,2015,10000,800th Anniversary of the Construction of the first Fortress on the Rock 1215,https://www.coin-database.com/images/Monaco/4180-v.jpg,0,3390.0,Monaco
Andorra,2015,85000,30th anniversary of the Coming of Age and Political Rights to the Men and Women turning 18 years old,https://www.coin-database.com/images/Andorra/4353.jpg,0,29.0,Andorra
Andorra,2015,85000,25th anniversary of the Signature of the Customs Agreement with the European Union,https://www.coin-database.com/images/Andorra/4354.jpg,1,27.51,Andorra
Germany,2015,30767100,Hessen: Frankfurter Paulskirche,https://www.coin-database.com/img/2euro/2015de-v.jpg,0,3.9,Deutschland
Finland,2015,1000000,Jean Sibelius,https://www.coin-database.com/images/Finland/3953-v.jpg,1,4.9,Suomi/Finland
San Marino,2015,100000,25th anniversary of German reunification,https://www.coin-database.com/images/San-Marino/3939-v.jpg,0,32.0,San Marino
Belgium,2015,250000,The European Year for Development,https://www.coin-database.com/images/Belgium/4018-v.jpg,0,9.5,Belgique/België
Slovakia,2015,1000000,200th Anniversary of the Birth of Ľudovít Štúr,https://www.coin-database.com/images/Slovakia/3967-v.jpg,0,3.5,Slovensko
Greece,2015,750000,75th Anniversary of the Death of Spyridon Louis,https://www.coin-database.com/images/Greece/3954-v.jpg,0,4.2,Elláda
Germany,2016,30000000,Sachsen: Dresdner Zwinger,https://www.coin-database.com/images/Germany/3458-v.jpg,0,4.9,Deutschland
Ireland,2016,4500000, The Centenary of the 1916 Easter Rising,https://www.coin-database.com/images/Ireland/3599-v.jpg,0,4.9,Éire/Ireland
Austria,2016,16000000,200 Years of the Österreichische Nationalbank,https://www.coin-database.com/images/Austria/4078-v.jpg,0,3.5,Österreich
Malta,2016,380000,Love,https://www.coin-database.com/images/Malta/4080-v.jpg,0,7.5,Malta
Slovenia,2016,1003500,25th Anniversary of the Independence of the Republic of Slovenia,https://www.coin-database.com/images/Slovenia/4095-v.jpg,0,4.1,Slovenija
Spain,2016,8000000,Old Town of Segovia and its Aqueduct,https://www.coin-database.com/images/Spain/4096-v.jpg,0,3.5,España
Estonia,2016,500000,100th Anniversary of the Birth of Paul Keres,https://www.coin-database.com/images/Estonia/4103-v.jpg,0,8.0,Eesti
France,2016,4000000,100th Anniversary of the Birth of François Mitterrand,https://www.coin-database.com/images/France/4129-v.jpg,0,3.5,France
Lithuania,2016,1000000,The Baltic Culture,https://www.coin-database.com/images/Lithuania/4166-v.jpg,0,4.5,Lietuva
Luxembourg,2016,1000000,50 Years of Grand Duchess Charlotte Bridge,https://www.coin-database.com/images/Luxembourg/4176-v.jpg,0,4.1,Luxembourg
Vatican City,2016,105000,200th Anniversary of Corps of Gendarmerie of Vatican City,https://www.coin-database.com/images/Vatican-City/4198-v.jpg,1,48.0,Vatican City
Vatican City,2016,105000,Jubilee of Mercy,https://www.coin-database.com/images/Vatican-City/4199-v.jpg,0,45.9,Vatican City
Portugal,2016,650000,Olympic Games - Rio 2016,https://www.coin-database.com/images/Portugal/4200-v.jpg,1,4.5,Portugal
Latvia,2016,1030000,Vidzeme,https://www.coin-database.com/images/Latvia/4209-v.jpg,0,3.5,Latvija
Belgium,2016,1020500,Child Focus,https://www.coin-database.com/images/Belgium/4212-v.jpg,0,6.9,Belgique/België
San Marino,2016,85000,400th Anniversary of the Death of William Shakespeare,https://www.coin-database.com/images/San-Marino/4239-v.jpg,0,39.0,San Marino
Italy,2016,1500000,500th Anniversary of the Death of Donatello,https://www.coin-database.com/images/Italy/4243-v.jpg,0,4.9,Italia
Italy,2016,1500000,2200th Anniversary of the Death of Tito Maccio Plauto,https://www.coin-database.com/images/Italy/4244-v.jpg,1,6.9,Italia
Andorra,2016,85000,25th anniversary of the Radio and Television of Andorra,https://www.coin-database.com/images/Andorra/4345-v.jpg,1,21.9,Andorra
Andorra,2016,85000,150 years of the New Reform 1866,https://www.coin-database.com/images/Andorra/4346-v.jpg,0,21.9,Andorra
Malta,2016,350000,Ġgantija Temples,https://www.coin-database.com/images/Malta/4347-v.jpg,1,4.9,Malta
Portugal,2016,500000,The Fifty Years of 25th April Bridge,https://www.coin-database.com/images/Portugal/4348-v.jpg,0,4.5,Portugal
Monaco,2016,15000,The 150th anniversary of the foundation of Monte Carlo by Charles III,https://www.coin-database.com/images/Monaco/4349-v.jpg,0,1099.0,Monaco
France,2016,10000000,2016 UEFA European Championship,https://www.coin-database.com/images/France/4350.jpg,1,3.9,France
Slovakia,2016,1000000,First Presidency of the Slovak Republic of the Council of the European Union,https://www.coin-database.com/images/Slovakia/3652-v.jpg,0,3.9,Slovensko
Belgium,2016,375000,Olympic Games - Rio 2016,https://www.coin-database.com/images/Belgium/4101-v.jpg,1,14.0,Belgique/België
San Marino,2016,85000,500th Anniversary of the Death of Donatello,https://www.coin-database.com/images/San-Marino/4238-v.jpg,1,35.0,San Marino
Finland,2016,1000000,Eino Leino,https://www.coin-database.com/images/Finland/4269-v.jpg,1,4.9,Suomi/Finland
Latvia,2016,1030000,The Latvian Brown,https://www.coin-database.com/images/Latvia/4292.jpg,1,4.5,Latvija
Greece,2016,750000,150 years from the Arkadi Monastery Torching,https://www.coin-database.com/images/Greece/4343-v.jpg,1,3.5,Elláda
Greece,2016,750000,120 years from the birth of Dimitri Mitropoulos,https://www.coin-database.com/images/Greece/4344-v.jpg,0,3.5,Elláda
Finland,2016,1000000,Georg Henrik von Wright,https://www.coin-database.com/images/Finland/4270-v.jpg,0,5.5,Suomi/Finland
Germany,2017,30000000,Rheinland-Pfalz: Porta Nigra,https://www.coin-database.com/images/Germany/3456-v.jpg,0,4.9,Deutschland
Malta,2017,405000,Peace,https://www.coin-database.com/images/Malta/4081-v.jpg,0,4.9,Malta
Lithuania,2017,1010000,Vilnius – capital of culture and art,https://www.coin-database.com/images/Lithuania/4167-v.jpg,0,3.9,Lietuva
Estonia,2017,1500000,The events that preceded Estonia’s independence,https://www.coin-database.com/images/Estonia/4290-v.jpg,0,3.9,Eesti
Luxembourg,2017,813500,The 50th anniversary of the voluntariness of the Luxembourg army,https://www.coin-database.com/images/Luxembourg/4351-v.jpg,1,4.5,Luxembourg
France,2017,10000000,Centenary of Auguste Rodin,https://www.coin-database.com/images/France/4352-v.jpg,1,3.5,France
Belgium,2017,180000,200 Years Liege University,https://www.coin-database.com/images/Belgium/4355-v.jpg,1,15.4,Belgique/België
Luxembourg,2017,313500,200th Birthday of the Grand Duke William III,https://www.coin-database.com/images/Luxembourg/4367-v.jpg,0,4.2,Luxembourg
Belgium,2017,200000,200th anniversary of the Ghent University,https://www.coin-database.com/images/Belgium/4388-v.jpg,0,11.0,Belgique/België
Malta,2017,405000,UNESCO Maltese prehistoric temples of Hagar Qim,https://www.coin-database.com/images/Malta/4416-v.jpg,1,4.9,Malta
Vatican City,2017,105000,Centenary of the Fatima apparitions,https://www.coin-database.com/images/Vatican-City/4422-v.jpg,1,42.9,Vatican City
Vatican City,2017,105000,1950th Anniversary of the Martyrdom of Saint Peter and Saint Paul,https://www.coin-database.com/images/Vatican-City/4429-v.jpg,0,49.0,Vatican City
San Marino,2017,70500,International Year of Sustainable Tourism for Development,https://www.coin-database.com/images/San-Marino/4432-v.jpg,0,39.0,San Marino
Portugal,2017,520000,150 Years of Public Security,https://www.coin-database.com/images/Portugal/4433-v.jpg,1,3.5,Portugal
Italy,2017,1500000,400th Anniversary of the completion of the Basilica of San Marco in Venice,https://www.coin-database.com/images/Italy/4434-v.jpg,1,4.5,Italia
Italy,2017,1500000,Death of Titus Livius 2000 Years,https://www.coin-database.com/images/Italy/4442-v.jpg,0,3.5,Italia
Spain,2017,4000000,Santa María del Naranco,https://www.coin-database.com/images/Spain/4486-v.jpg,0,4.5,España
San Marino,2017,70500,750th anniversary of the birth of Giotto,https://www.coin-database.com/images/San-Marino/4520-v.jpg,1,37.9,San Marino
France,2017,10000000,Fight against breast cancer,https://www.coin-database.com/images/France/4582-v.jpg,0,3.5,France
Cyprus,2017,430000,Paphos - the European Capital of Culture,https://www.coin-database.com/images/Cyprus/4876-v.jpg,0,4.9,Kýpros
Monaco,2017,15000,Carabiniers of the Prince,https://www.coin-database.com/images/Monaco/5349-v.jpg,0,790.0,Monaco
Slovakia,2017,1000000,550th anniversary of the establishment of Academia Istropolitana,https://www.coin-database.com/images/Slovakia/3656-v.jpg,0,3.9,Slovensko
Slovenia,2017,1002500,10th anniversary of the introduction of the euro in Slovenia,https://www.coin-database.com/images/Slovenia/4305-v.jpg,0,3.5,Slovenija
Finland,2017,2500000,Independent Finland 100 Years,https://www.coin-database.com/images/Finland/4282-v.jpg,1,4.2,Suomi/Finland
Greece,2017,750000,60 years in memoriam of Nikos Kazantzakis,https://www.coin-database.com/images/Greece/4389-v.jpg,0,3.8,Elláda
Greece,2017,750000,Archaeological site of Philippi,https://www.coin-database.com/images/Greece/4390-v.jpg,1,4.5,Elláda
Finland,2017,2500000,Finnish nature,https://www.coin-database.com/images/Finland/4380-v.jpg,0,4.9,Suomi/Finland
Latvia,2017,537000,Kurzeme,https://www.coin-database.com/images/Latvia/4908-v.jpg,0,3.5,Latvija
Latvia,2017,537000,Latgale,https://www.coin-database.com/images/Latvia/4909-v.jpg,1,3.5,Latvija
Portugal,2017,481000,150 Years of Raul Brandão,https://www.coin-database.com/images/Portugal/4878-v.jpg,0,3.5,Portugal
Andorra,2017,85000,100 years of the Andorra Anthem,https://www.coin-database.com/images/Andorra/5324-v.jpg,1,19.9,Andorra
Andorra,2017,85000,Andorra - The Land in the Pyrenees,https://www.coin-database.com/images/Andorra/5325-v.jpg,0,19.9,Andorra
Germany,2018,30581900,Berlin: Schloss Charlottenburg,https://www.coin-database.com/images/Germany/3457-v.jpg,1,3.5,Deutschland
Germany,2018,30571900,100. Geburtstag von Helmut Schmidt,https://www.coin-database.com/images/Germany/4341-v.jpg,0,3.5,Deutschland
Lithuania,2018,1010000,100th anniversary of the Restoration of Lithuania’s Independence,https://www.coin-database.com/images/Lithuania/4413-v.jpg,1,6.5,Lietuva
Spain,2018,300000,Historic Center of Santiago de Compostela,https://www.coin-database.com/images/Spain/4490-v.jpg,0,25.9,España
Portugal,2018,520000,250th Anniversary Of The National Printing Office,https://www.coin-database.com/images/Portugal/4981-v.jpg,0,3.5,Portugal
Portugal,2018,520000,250th Anniversary of the Ajuda Botanical Garden,https://www.coin-database.com/images/Portugal/4982-v.jpg,1,3.9,Portugal
Slovenia,2018,1000000,World Bee Day,https://www.coin-database.com/images/Slovenia/5134-v.jpg,0,4.2,Slovenija
Vatican City,2018,101000,European Year of Cultural Heritage,https://www.coin-database.com/images/Vatican-City/5142-v.jpg,1,39.0,Vatican City
Andorra,2018,75000,25th anniversary of the Constitution of Andorra,https://www.coin-database.com/images/Andorra/5149-v.jpg,1,25.0,Andorra
Lithuania,2018,500000,Lithuanian Song and Dance Celebration,https://www.coin-database.com/images/Lithuania/5151-v.jpg,0,4.9,Lietuva
San Marino,2018,63100,500th Anniversary of the Birth of Tintoretto,https://www.coin-database.com/images/San-Marino/5190-v.jpg,1,139.0,San Marino
Greece,2018,748000,75th Anniversary of the Death of Kostis Palamas,https://www.coin-database.com/images/Greece/5201-v.jpg,0,3.9,Elláda
Greece,2018,748000,70th Anniversary of the Union of the Dodecanese with Greece,https://www.coin-database.com/images/Greece/5202-v.jpg,1,4.5,Elláda
Finland,2018,1000000,Koli National Park,https://www.coin-database.com/images/Finland/5239-v.jpg,0,6.5,Suomi/Finland
Finland,2018,1000000,Finnish sauna culture,https://www.coin-database.com/images/Finland/5247-v.jpg,1,6.9,Suomi/Finland
Monaco,2018,16000,250th Anniversary of the Birth of François Joseph Bosio,https://www.coin-database.com/images/Monaco/5248-v.jpg,0,680.0,Monaco
Andorra,2018,75000,70 years of the Universal Declaration of Human Rights,https://www.coin-database.com/images/Andorra/5390-v.jpg,0,29.0,Andorra
Belgium,2018,260000,May 1968 civil protests,https://www.coin-database.com/images/Belgium/5457-v.jpg,0,10.9,Belgique/België
Luxembourg,2018,300000,175th Anniversary of the Death of Guillaume I,https://www.coin-database.com/images/Luxembourg/5534-v.jpg,0,3.99,Luxembourg
Vatican City,2018,86000,50th Anniversary of the death of Padre Pio,https://www.coin-database.com/images/Vatican-City/5620-v.jpg,0,34.0,Vatican City
Luxembourg,2018,308000,150th Anniversary of the Luxembourg Constitution,https://www.coin-database.com/images/Luxembourg/4910-v.jpg,1,3.9,Luxembourg
Italy,2018,4000000,70 Years of Constitution of the Italian Republic,https://www.coin-database.com/images/Italy/5066-v.jpg,0,3.5,Italia
Austria,2018,18100000,The Centenary of the Founding of the Republic of Austria,https://www.coin-database.com/images/Austria/4877-v.jpg,0,3.5,Österreich
Slovakia,2018,1000000,25th anniversary of the establishment of the Slovak Republic,https://www.coin-database.com/images/Slovakia/4978-v.jpg,0,3.9,Slovensko
Spain,2018,400000,50th Birthday of King Felipe VI,https://www.coin-database.com/images/Spain/4491-v.jpg,1,8.9,España
Estonia,2018,510000,100th Anniversary of the Baltic States,https://www.coin-database.com/images/Estonia/5183-v.jpg,1,4.5,Eesti
Latvia,2018,512000,100th Anniversary of the Baltic States,https://www.coin-database.com/images/Latvia/5184-v.jpg,0,4.6,Latvija
Estonia,2018,1310000,100th anniversary of the Republic of Estonia,https://www.coin-database.com/images/Estonia/5176-v.jpg,0,3.99,Eesti
Italy,2018,3015000,60 Years of the Ministry of Health,https://www.coin-database.com/images/Italy/5067-v.jpg,1,4.5,Italia
France,2018,15000000,Centenary of the end of World War I,https://www.coin-database.com/images/France/5036-v.jpg,1,3.5,France
France,2018,15000000,Simone Veil,https://www.coin-database.com/images/France/5443-v.jpg,0,3.5,France
Malta,2018,335000,Mnajdra Temples,https://www.coin-database.com/images/Malta/5064-v.jpg,0,4.9,Malta
Belgium,2018,257500,50 years ESRO-2B,https://www.coin-database.com/images/Belgium/5577-v.jpg,1,16.8,Belgique/België
San Marino,2018,60500,420th Anniversary of the Birth of Gian Lorenzo Bernini,https://www.coin-database.com/images/San-Marino/5194-v.jpg,0,79.0,San Marino
Latvia,2018,512000,Zemgale,https://www.coin-database.com/images/Latvia/5609-v.jpg,1,4.9,Latvija
Malta,2018,320000,Cultural Heritage,https://www.coin-database.com/images/Malta/4082-v.jpg,1,5.9,Malta
Estonia,2019,1000000,150th anniversary of the first song festival,https://www.coin-database.com/images/Estonia/5177-v.jpg,1,3.9,Eesti
Ireland,2019,1000000,100th Anniversary of the first sitting of Dáil Éireann,https://www.coin-database.com/images/Ireland/5541-v.jpg,0,4.9,Éire/Ireland
San Marino,2019,60500,550th Anniversary of the Death of Filippo Lippi,https://www.coin-database.com/images/San-Marino/5543-v.jpg,0,125.0,San Marino
San Marino,2019,60500,500th Anniversary of the Death of Leonardo da Vinci,https://www.coin-database.com/images/San-Marino/5544-v.jpg,1,139.0,San Marino
Spain,2019,1000000,Walls of Ávila,https://www.coin-database.com/images/Spain/5552-v.jpg,0,4.2,España
France,2019,15000000,30 Years of Fall of the Berlin Wall,https://www.coin-database.com/images/France/5578-v.jpg,1,3.5,France
Greece,2019,765000,100th Anniversary of the Birth of Manolis Andronicos,https://www.coin-database.com/images/Greece/5664-v.jpg,0,3.9,Elláda
Greece,2019,750000,150th Anniversary ot the Death of Andreas Kalvos,https://www.coin-database.com/images/Greece/5665-v.jpg,1,3.9,Elláda
Luxembourg,2019,500000,100th anniversary of the accession to the throne of Grand Duchess Charlotte,https://www.coin-database.com/images/Luxembourg/5689-v.jpg,1,3.9,Luxembourg
Malta,2019,335000,Temples of Ta’ Hagrat à Mġarr,https://www.coin-database.com/images/Malta/5690-v.jpg,1,4.9,Malta
Vatican City,2019,91000,25th anniversary of the restoration of the Sistine Chapel,https://www.coin-database.com/images/Vatican-City/5691-v.jpg,1,37.0,Vatican City
Belgium,2019,155000,25 Years of European Monetary Institute,https://www.coin-database.com/images/Belgium/5692-v.jpg,0,11.9,Belgique/België
Lithuania,2019,505000,Sutartinės Lithuanian multipart songs,https://www.coin-database.com/images/Lithuania/5706-v.jpg,1,3.9,Lietuva
Lithuania,2019,500000,Samogitia,https://www.coin-database.com/images/Lithuania/5707-v.jpg,0,4.2,Lietuva
Vatican City,2019,91000,90th anniversary of the founding of the state of Vatican City,https://www.coin-database.com/images/Vatican-City/5770-v.jpg,0,47.0,Vatican City
Andorra,2019,60000,Alpine Skiing World Cup 2019,https://www.coin-database.com/images/Andorra/5803-v.jpg,1,149.0,Andorra
Monaco,2019,15000,200th Anniversary of the Accession to the Throne Prince Honoré V.,https://www.coin-database.com/images/Monaco/5910-v.jpg,0,600.0,Monaco
Italy,2019,3000000,500th Anniversary of the Death of Leonardo da Vinci,https://www.coin-database.com/images/Italy/5631-v.jpg,0,4.5,Italia
Belgium,2019,155000,450th Anniversary of the Death of Pieter Bruegel the Elder,https://www.coin-database.com/images/Belgium/5637-v.jpg,1,14.9,Belgique/België
Germany,2019,30000000,Bun­des­rat,https://www.coin-database.com/images/Germany/4151-v.jpg,1,3.5,Deutschland
Slovakia,2019,1002000,100th anniversary of the death of Milan Rastislav Štefánik,https://www.coin-database.com/images/Slovakia/3669-v.jpg,0,3.9,Slovensko
Portugal,2019,770000,500th Anniversary of the circumnavigation of the Earth by Ferdinand Magellan,https://www.coin-database.com/images/Portugal/5458-v.jpg,1,3.8,Portugal
France,2019,310000,60 Years of Asterix,https://www.coin-database.com/images/France/5579-v.jpg,0,32.0,France
Portugal,2019,520000,600 years since the discovery of Madeira,https://www.coin-database.com/images/Portugal/5459-v.jpg,0,3.5,Portugal
Latvia,2019,307000,The Rising Sun,https://www.coin-database.com/images/Latvia/5978-v.jpg,0,7.9,Latvija
Malta,2019,320000,Solidarity children - Nature,https://www.coin-database.com/images/Malta/4083-v.jpg,0,5.9,Malta
Luxembourg,2019,308500,Centenary of the Universal Voting Right,https://www.coin-database.com/images/Luxembourg/5779-v.jpg,0,3.9,Luxembourg
Finland,2019,500000,Constitution Act of Finland 1919,https://www.coin-database.com/images/Finland/5967-v.jpg,0,26.0,Suomi/Finland
Germany,2019,30000000,30 Years of Fall of the Berlin Wall,https://www.coin-database.com/images/Germany/5802-v.jpg,0,3.5,Deutschland
Andorra,2019,60000,600 Years of the General Council,https://www.coin-database.com/images/Andorra/5804-v.jpg,0,59.0,Andorra
Estonia,2019,1007500,University of Tartu,https://www.coin-database.com/images/Estonia/5899-v.jpg,0,3.5,Eesti
Slovenia,2019,1010750,100th Anniversary of the University of Ljubljana,https://www.coin-database.com/images/Slovenia/5323-v.jpg,0,3.5,Slovenija
Malta,2020,200000,Games,https://www.coin-database.com/images/Malta/4084-v.jpg,0,9.99,Malta
Germany,2020,30477400,Brandenburg - Sanssouci Palace in Potsdam,https://www.coin-database.com/images/Germany/4153-v.jpg,0,4.0,Deutschland
Estonia,2020,1000000,Centenary of the Tartu Peace Treaty,https://www.coin-database.com/images/Estonia/5178-v.jpg,0,3.5,Eesti
Lithuania,2020,500000,Aukštaitija,https://www.coin-database.com/images/Lithuania/5708-v.jpg,1,3.5,Lietuva
Lithuania,2020,500000,The Hill of Crosses,https://www.coin-database.com/images/Lithuania/5709-v.jpg,0,3.5,Lietuva
Slovenia,2020,1000000,500th Anniversary of the Birth of Adam Bohorič,https://www.coin-database.com/images/Slovenia/5776-v.jpg,0,3.5,Slovenija
Slovakia,2020,1000000,Entry of the Slovak Republic to the OECD,https://www.coin-database.com/images/Slovakia/5906-v.jpg,0,3.5,Slovensko
Luxembourg,2020,300000,200th Anniversary of the Birth of Prince Henry,https://www.coin-database.com/images/Luxembourg/5907-v.jpg,0,3.99,Luxembourg
Portugal,2020,510000,75 years United Nations,https://www.coin-database.com/images/Portugal/5911-v.jpg,1,4.9,Portugal
Spain,2020,4005000,Mudéjar Architecture of Aragon,https://www.coin-database.com/images/Spain/5929-v.jpg,0,3.5,España
Belgium,2020,155000,Jan van Eyck,https://www.coin-database.com/images/Belgium/5947-v.jpg,0,11.5,Belgique/België
Belgium,2020,755000,International Year of Plant Health,https://www.coin-database.com/images/Belgium/5948-v.jpg,1,10.8,Belgique/België
San Marino,2020,56500,500th Anniversary of the Death of Raphael,https://www.coin-database.com/images/San-Marino/6003-v.jpg,1,139.0,San Marino
Latvia,2020,412000,Latgalian Ceramics,https://www.coin-database.com/images/Latvia/6008-v.jpg,0,4.9,Latvija
Italy,2020,3000000,The Vigili del Fuoco - National Firefighters Corps,https://www.coin-database.com/images/Italy/6010-v.jpg,1,4.9,Italia
Malta,2020,750000,Skorba Temples,https://www.coin-database.com/images/Malta/6025-v.jpg,1,16.9,Malta
Greece,2020,745000,2500th Anniversary of the Battle of Thermopylae,https://www.coin-database.com/images/Greece/6026-v.jpg,0,3.5,Elláda
Vatican City,2020,101000,100th Anniversary of the Bitrh of John Paul II,https://www.coin-database.com/images/Vatican-City/6030-v.jpg,0,55.0,Vatican City
Vatican City,2020,86000,500th Anniversary of the Death of Raffaello,https://www.coin-database.com/images/Vatican-City/6031-v.jpg,1,39.0,Vatican City
Greece,2020,748000,Union of Thrace with Greece,https://www.coin-database.com/images/Greece/6163-v.jpg,1,3.5,Elláda
Andorra,2020,73500,XXVII. Ibero-American Summit 2020 Andorra,https://www.coin-database.com/images/Andorra/6203-v.jpg,1,27.9,Andorra
Andorra,2020,60000,50 Years of Universal Suffrage in Andorra,https://www.coin-database.com/images/Andorra/6204-v.jpg,0,37.9,Andorra
Finland,2020,720000,100 Years of the University of Turku,https://www.coin-database.com/images/Finland/6268-v.jpg,1,6.9,Suomi/Finland
Finland,2020,800000,100th Anniversary of the Birth of Väinö Linna,https://www.coin-database.com/images/Finland/6269-v.jpg,0,6.9,Suomi/Finland
Cyprus,2020,412000,30 Years of the Cyprus Institute of Neurology and Genetics,https://www.coin-database.com/images/Cyprus/6313-v.jpg,0,3.5,Kýpros
Monaco,2020,15000,300th Anniversary of the Birth of Prince Honoré III,https://www.coin-database.com/images/Monaco/6384-v.jpg,0,420.0,Monaco
Estonia,2020,750000,200th Anniversary of the First Antarctic Expedition,https://www.coin-database.com/images/Estonia/5898-v.jpg,1,3.7,Eesti
France,2020,18061940,Charles de Gaulle,https://www.coin-database.com/images/France/6121-v.jpg,1,3.9,France
Italy,2020,105000,150th Anniversary of the Birth of Maria Montessori,https://www.coin-database.com/images/Italy/6009-v.jpg,0,4.9,Italia
San Marino,2020,54000,250th Anniversary of the Giovanni Battista Tiepolo,https://www.coin-database.com/images/San-Marino/6007-v.jpg,0,69.9,San Marino
France,2020,310000,Medical research,https://www.coin-database.com/images/France/6120-v.jpg,0,11.9,France
Portugal,2020,360000,730 Years of the University of Coimbra,https://www.coin-database.com/images/Portugal/6287-v.jpg,0,4.99,Portugal
Luxembourg,2020,160000,Birth of Prince Charles,https://www.coin-database.com/images/Luxembourg/6398-v.jpg,1,10.9,Luxembourg
Germany,2020,30315000,50 years of the Warschauer Kniefall (Warsaw genuflection),https://www.coin-database.com/images/Germany/6022-v.jpg,1,3.5,Deutschland
Germany,2021,30518900,Sachsen-Anhalt - Magdeburg Cathedral,https://www.coin-database.com/images/Germany/5852-v.jpg,0,3.5,Deutschland
Portugal,2021,510000,The Summer Olympic Games 2021,https://www.coin-database.com/images/Portugal/5912-v.jpg,0,3.5,Portugal
Luxembourg,2021,327500,100 years birth of Grand Duke John,https://www.coin-database.com/images/Luxembourg/6131-v.jpg,1,9.6,Luxembourg
Luxembourg,2021,327500,40th anniversary of birth Grand Duke William II,https://www.coin-database.com/images/Luxembourg/6132-v.jpg,0,9.6,Luxembourg
Slovenia,2021,1000000,200th Anniversary of the Establishment of the Carniola Provincial Museum,https://www.coin-database.com/images/Slovenia/6146-v.jpg,0,3.5,Slovenija
Estonia,2021,1000000,The Wolf - Estonian National Animal,https://www.coin-database.com/images/Estonia/6205-v.jpg,1,3.5,Eesti
Lithuania,2021,500000,Dzūkija,https://www.coin-database.com/images/Lithuania/6279-v.jpg,1,3.5,Lietuva
Lithuania,2021,500000,Žuvintas Biosphere Reserve,https://www.coin-database.com/images/Lithuania/6280-v.jpg,0,3.5,Lietuva
Portugal,2021,510000,Presidency of the Council of the European Union,https://www.coin-database.com/images/Portugal/6318-v.jpg,1,3.5,Portugal
San Marino,2021,54000,550th Anniversary of the Brith of Albrecht Dürer,https://www.coin-database.com/images/San-Marino/6328-v.jpg,0,59.0,San Marino
Belgium,2021,155000,500 Years of Carolus V,https://www.coin-database.com/images/Belgium/6383-v.jpg,0,10.5,Belgique/België
Vatican City,2021,78300,700th Anniversary of the Detah of Dante Alighieri,https://www.coin-database.com/images/Vatican-City/6405-v.jpg,0,31.9,Vatican City
Vatican City,2021,78300,400th Anniversary of the Bith of Caravaggio,https://www.coin-database.com/images/Vatican-City/6406-v.jpg,1,31.9,Vatican City
Italy,2021,3000000,Rome - The Capital City,https://www.coin-database.com/images/Italy/6418-v.jpg,1,3.5,Italia
Italy,2021,3000000,Healthcare professions,https://www.coin-database.com/images/Italy/6419-v.jpg,0,4.9,Italia
Finland,2021,800000,Åland Autonomy 100 years,https://www.coin-database.com/images/Finland/6482-v.jpg,0,5.9,Suomi/Finland
France,2021,7500000,75 Years of UNICEF,https://www.coin-database.com/images/France/6492-v.jpg,0,3.5,France
Greece,2021,1530000,200th anniversary of the Greek Revolution,https://www.coin-database.com/images/Greece/6493-v.jpg,0,4.5,Elláda
Belgium,2021,155000,100 Years of Economic Union Belgium-Luxembourg (BLEU),https://www.coin-database.com/images/Belgium/6510-v.jpg,1,9.8,Belgique/België
Andorra,2021,70000,100th Anniversary of the Coronation of Our Lady of Meritxell,https://www.coin-database.com/images/Andorra/6631-v.jpg,1,27.0,Andorra
Andorra,2021,70000,The old population,https://www.coin-database.com/images/Andorra/6632-v.jpg,0,27.0,Andorra
Monaco,2021,15000,10th anniversary of the wedding of Prince Albert and Charlene Wittstock,https://www.coin-database.com/images/Monaco/6657-v.jpg,0,990.0,Monaco
Latvia,2021,412000,100th anniversary of de iure recognition of Latvia,https://www.coin-database.com/images/Latvia/6350-v.jpg,0,4.5,Latvija
Spain,2021,4000000,Historic City of Toledo,https://www.coin-database.com/images/Spain/6330-v.jpg,0,3.5,España
San Marino,2021,54000,450th Anniversary of the Brith of Caravaggio,https://www.coin-database.com/images/San-Marino/6329-v.jpg,1,65.0,San Marino
Finland,2021,807000,Journalism and free press supporting Finnish democracy,https://www.coin-database.com/images/Finland/6434-v.jpg,1,5.9,Suomi/Finland
Estonia,2021,1012000,The Finno-Ugric Peoples,https://www.coin-database.com/images/Estonia/6206-v.jpg,0,3.5,Eesti
Malta,2021,60000,Heroes of the Pandemic,https://www.coin-database.com/images/Malta/6654-v.jpg,0,79.9,Malta
France,2021,510000,Olympic Games Paris 2024,https://www.coin-database.com/images/France/6678-v.jpg,1,15.9,France
Malta,2021,170000,Tarxien temples,https://www.coin-database.com/images/Malta/6477-v.jpg,1,11.9,Malta
Slovakia,2021,1000000,100th Anniversary of the Birth of Alexander Dubček,https://www.coin-database.com/images/Slovakia/6066-v.jpg,0,3.5,Slovensko
Germany,2022,30424900,Thüringen - Wartburg Castle in Eisenach,https://www.coin-database.com/images/Germany/4152-v.jpg,0,3.5,Deutschland
Slovakia,2022,1000000,300th anniversary of the construction of the first atmospheric steam engine in continental Europe,https://www.coin-database.com/images/Slovakia/6169-v.jpg,0,3.5,Slovensko
Estonia,2022,1000000,150th anniversary of the founding of the Society of Estonian Literati,https://www.coin-database.com/images/Estonia/6443-v.jpg,1,3.5,Eesti
Lithuania,2022,750000,100 years of basketball in Lithuania,https://www.coin-database.com/images/Lithuania/6520-v.jpg,0,3.5,Lietuva
Lithuania,2022,500000,Suvalkija,https://www.coin-database.com/images/Lithuania/6521-v.jpg,1,3.5,Lietuva
Luxembourg,2022,500000,50th Anniversary of the Luxembourg Flag,https://www.coin-database.com/images/Luxembourg/6543-v.jpg,0,9.5,Luxembourg
Luxembourg,2022,500000,10th Wedding Anniversary of Heir Grand Duke William and Heir Grand Duchess Stephanie,https://www.coin-database.com/images/Luxembourg/6544-v.jpg,1,9.5,Luxembourg
Spain,2022,1000000,Garajonay National Park,https://www.coin-database.com/images/Spain/6560-v.jpg,0,3.5,España
Spain,2022,1000000,500th Anniversary of the First Circumnavigation of the Earth,https://www.coin-database.com/images/Spain/6561-v.jpg,1,3.5,España
Slovenia,2022,1000000,150th Anniversary of Birth of Architect Jože Plečnik,https://www.coin-database.com/images/Slovenia/6644-v.jpg,0,3.5,Slovenija
Finland,2022,400000,100 Years of National Ballet in Finland,https://www.coin-database.com/images/Finland/6705-v.jpg,1,6.25,Suomi/Finland
Italy,2022,3000000,30th Anniversary of Death of Judges Giovanni Falcone and Paolo Borsellino,https://www.coin-database.com/images/Italy/6709-v.jpg,0,3.9,Italia
Italy,2022,3000000,170th Anniversary of Foundation of the Italian National Police,https://www.coin-database.com/images/Italy/6710-v.jpg,1,3.5,Italia
Portugal,2022,1015000,100th anniversary of the first crossing of the South Atlantic by plane,https://www.coin-database.com/images/Portugal/6719-v.jpg,0,3.5,Portugal
Latvia,2022,408000,Financial Literacy,https://www.coin-database.com/images/Latvia/6720-v.jpg,0,3.5,Latvija
Malta,2022,170000,Hal Saflieni Hypogeum,https://www.coin-database.com/images/Malta/6786-v.jpg,1,10.5,Malta
France,2022,10000000,Jacques Chirac,https://www.coin-database.com/images/France/6820-v.jpg,1,3.5,France
Greece,2022,745500,200 Years from the First Greek Constitution,https://www.coin-database.com/images/Greece/6839-v.jpg,0,3.5,Elláda
Monaco,2022,15000,Centenary of the Prince Albert I. of Monaco,https://www.coin-database.com/images/Monaco/6853-v.jpg,0,579.0,Monaco
Estonia,2022,2000000,Slava Ukraini,https://www.coin-database.com/images/Estonia/6899-v.jpg,0,3.5,Eesti
France,2022,260000,Olympic Games Paris 2024,https://www.coin-database.com/images/France/6914-v.jpg,0,14.8,France
Finland,2022,400000,The Climate Research,https://www.coin-database.com/images/Finland/6916-v.jpg,0,6.5,Suomi/Finland
Vatican City,2022,76250,25th Anniversary of the death of Mother Teresa of Calcutta,https://www.coin-database.com/images/Vatican-City/6963-v.jpg,0,34.9,Vatican City
Vatican City,2022,76250,125th Anniversary of the birth of Pope Paul VI,https://www.coin-database.com/images/Vatican-City/6964-v.jpg,1,31.9,Vatican City
Andorra,2022,70000,The Legend of Charlemagne,https://www.coin-database.com/images/Andorra/6987-v.jpg,1,20.95,Andorra
Andorra,2022,70000,10 years of currency agreement between Andorra and the EU,https://www.coin-database.com/images/Andorra/6988-v.jpg,0,20.95,Andorra
Malta,2022,53000,United Nations Security Council Resolution on Women Peace & Security,https://www.coin-database.com/images/Malta/7255-v.jpg,0,70.0,Malta
San Marino,2022,55000,200th Anniversary of the Birth of Antonio Canova,https://www.coin-database.com/images/San-Marino/6634-v.jpg,0,53.9,San Marino
San Marino,2022,55000,530th Anniversary of the Death of Piero Della Francesca,https://www.coin-database.com/images/San-Marino/6633-v.jpg,1,59.9,San Marino
Belgium,2022,160000,The Healthcare,https://www.coin-database.com/images/Belgium/6852-v.jpg,0,10.9,Belgique/België
Slovakia,2023,1000000,100th Anniversary of the First Blood Transfusion in Slovakia,https://www.coin-database.com/images/Slovakia/6170-v.jpg,0,3.5,Slovensko
Germany,2023,30444000,Hamburg - The Elbphilharmonie,https://www.coin-database.com/images/Germany/6766-v.jpg,0,3.5,Deutschland
Germany,2023,20275000,1275th Anniversary of the Birth of Charlemagne,https://www.coin-database.com/images/Germany/6767-v.jpg,1,3.5,Deutschland
Luxembourg,2023,133500,25th anniversary of Grand Duke Henri as a member of the International Olympic Committee,https://www.coin-database.com/images/Luxembourg/6900-v.jpg,0,9.49,Luxembourg
Luxembourg,2023,131000,175th anniversary of the Chamber of Deputies and the first constitution in 1848,https://www.coin-database.com/images/Luxembourg/6901-v.jpg,1,10.9,Luxembourg
Estonia,2023,1000000,The Barn Swallow,https://www.coin-database.com/images/Estonia/6922-v.jpg,0,3.5,Eesti
Lithuania,2023,500000,Together with Ukraine,https://www.coin-database.com/images/Lithuania/6968-v.jpg,0,3.5,Lietuva
France,2023,260000,Olympic Games Paris 2024,https://www.coin-database.com/images/France/6970-v.jpg,0,3.5,France
France,2023,15120000,10th Rugby World Cup in France,https://www.coin-database.com/images/France/6972-v.jpg,1,3.5,France
Spain,2023,1000000,Old Town of Cáceres,https://www.coin-database.com/images/Spain/6976-v.jpg,0,3.5,España
Spain,2023,1500000,Spanish Presidency of the Council of the EU 2023,https://www.coin-database.com/images/Spain/7149-v.jpg,1,3.5,España
Latvia,2023,415000,Slava Ukrainai!,https://www.coin-database.com/images/Latvia/6977-v.jpg,0,3.5,Latvija
Italy,2023,3000000,150th Anniversary of the Death of Alessandro Manzoni,https://www.coin-database.com/images/Italy/6986-v.jpg,0,3.7,Italia
Italy,2023,3000000,100 Years Military Air Force,https://www.coin-database.com/images/Italy/7007-v.jpg,1,3.7,Italia
Greece,2023,741000,100 Years from the Birth of Maria Callas,https://www.coin-database.com/images/Greece/7021-v.jpg,0,3.5,Elláda
Greece,2023,745500,150 Years from the Birth of Constantin Carathéodory,https://www.coin-database.com/images/Greece/7022-v.jpg,1,3.5,Elláda
Portugal,2023,1015000,World Youth Day 2023 Lisabon,https://www.coin-database.com/images/Portugal/7025-v.jpg,0,3.5,Portugal
Portugal,2023,1015000,Peace Among Nations,https://www.coin-database.com/images/Portugal/7026-v.jpg,1,3.5,Portugal
Finland,2023,400000,Finland's first nature conservation law,https://www.coin-database.com/images/Finland/7027-v.jpg,0,7.5,Suomi/Finland
Finland,2023,400000,Social and health services as guarantors of public welfare,https://www.coin-database.com/images/Finland/7146-v.jpg,1,7.5,Suomi/Finland
Vatican City,2023,92000,500th anniversary of the death of Pietro Perugino,https://www.coin-database.com/images/Vatican-City/7127-v.jpg,0,29.9,Vatican City
Vatican City,2023,82500,150th Anniversary of the death of Alessandro Manzoni,https://www.coin-database.com/images/Vatican-City/7126-v.jpg,1,29.9,Vatican City
San Marino,2023,58600,500th anniversary of the death of Luca Signorelli,https://www.coin-database.com/images/San-Marino/7172-v.jpg,0,49.9,San Marino
San Marino,2023,56000,500 years since the death of Perugino,https://www.coin-database.com/images/San-Marino/7171-v.jpg,1,49.9,San Marino
Monaco,2023,25000,100th Anniversary of the Birth of Rainier III,https://www.coin-database.com/images/Monaco/7197-v.jpg,0,425.0,Monaco
Belgium,2023,160000,Art Nouveau,https://www.coin-database.com/images/Belgium/7212-v.jpg,0,9.9,Belgique/België
Ireland,2023,1001000,50 Years of European Union Membership,https://www.coin-database.com/images/Ireland/7196-v.jpg,0,3.75,Éire/Ireland
Croatia,2023,250000,Member of the euro area,https://www.coin-database.com/images/Croatia/7282-v.jpg,0,9.4,Hrvatska